{"name":"2fd2b095-6c55-4aaf-9d55-df42c27a2e2b","id":"/providers/Microsoft.Flow/flows/2fd2b095-6c55-4aaf-9d55-df42c27a2e2b","type":"Microsoft.Flow/flows","properties":{"apiId":"/providers/Microsoft.PowerApps/apis/shared_logicflows","displayName":"FillFormReminder1","definition":{"metadata":{"workflowEntityId":null,"processAdvisorMetadata":null,"flowChargedByPaygo":null,"flowclientsuspensionreason":"None","flowclientsuspensiontime":null,"flowclientsuspensionreasondetails":null,"creator":{"id":"02a8c574-e660-4322-aa2e-9d7d89e0c5d2","type":"User","tenantId":"21efe011-bedc-4f48-a89f-431b670ec099"},"provisioningMethod":"FromDefinition","failureAlertSubscription":true,"clientLastModifiedTime":"2025-01-03T00:20:55.3551159Z","connectionKeySavedTimeKey":"2025-01-03T00:20:55.3551159Z"},"$schema":"https://schema.management.azure.com/providers/Microsoft.Logic/schemas/2016-06-01/workflowdefinition.json#","contentVersion":"undefined","parameters":{"$authentication":{"defaultValue":{},"type":"SecureObject"},"$connections":{"defaultValue":{},"type":"Object"}},"triggers":{"Recurrence":{"recurrence":{"frequency":"Week","interval":1,"timeZone":"SA Pacific Standard Time","startTime":"2024-11-12T15:00:00.000Z","schedule":{"weekDays":["Thursday","Friday"],"hours":["10"],"minutes":[0]}},"metadata":{"operationMetadataId":"73ff4c79-84c0-4774-89c1-c1de89179990"},"type":"Recurrence"}},"actions":{"Get_items":{"runAfter":{},"metadata":{"operationMetadataId":"fb9805c4-4aba-4d28-ae6a-7176801aed9f"},"type":"OpenApiConnection","inputs":{"parameters":{"dataset":"https://mushroomsoftit.sharepoint.com/sites/mushroomsoft-Canalparapruebas","table":"879c0777-17a4-4ae8-92e7-b38b1c32484c"},"host":{"apiId":"/providers/Microsoft.PowerApps/apis/shared_sharepointonline","connectionName":"shared_sharepointonline","operationId":"GetItems"},"authentication":"@parameters('$authentication')"}},"For_each":{"foreach":"@outputs('Get_items')?['body/value']","actions":{"Send_an_email_(V2)":{"metadata":{"operationMetadataId":"1dc6db65-a61f-4b95-a1ad-d851cdfbf88f"},"type":"OpenApiConnection","inputs":{"parameters":{"emailMessage/To":"@items('For_each')?['FillFormPerson/Email']","emailMessage/Subject":"Dear @{item()?['FillFormPerson/DisplayName']}, don't forget to fill your time sheet for this week.","emailMessage/Body":"<p>Hello @{items('For_each')?['FillFormPerson/DisplayName']}.</p>\n<p>This email is a reminder to complete out this week's <a href=\"https://mushroomsoftit-my.sharepoint.com/:x:/g/personal/agomez_mushroomsoft-it_com/EZMAklDmQQBPmlY0-eXpSbABbSE_JfDC62G3zXe0F_D7-w?rtime=1ZE3kCUD3Ug\">project task log document</a>.</p>\n<p><br>\nRegards,</p>\n<p>Mushroomsoft Team.</p>","emailMessage/Importance":"Normal"},"host":{"apiId":"/providers/Microsoft.PowerApps/apis/shared_office365","connectionName":"shared_office365-1","operationId":"SendEmailV2"},"authentication":"@parameters('$authentication')"}}},"runAfter":{"Get_items":["Succeeded"]},"metadata":{"operationMetadataId":"35cb3789-309f-4634-b7e1-a909d38196f4"},"type":"Foreach"}}},"connectionReferences":{"shared_sharepointonline":{"connectionName":"shared-sharepointonl-52ce73d3-2795-48b4-907d-67a54f429b4b","source":"Embedded","id":"/providers/Microsoft.PowerApps/apis/shared_sharepointonline","tier":"NotSpecified","apiName":"sharepointonline"},"shared_office365-1":{"connectionName":"shared-office365-ec632161-97c1-4892-b1fc-86d0349ef973","source":"Embedded","id":"/providers/Microsoft.PowerApps/apis/shared_office365","tier":"NotSpecified","apiName":"office365"}},"flowFailureAlertSubscribed":false,"isManaged":false}}